{"cameraMode":{"drawMode":0,"name":"Shaded","section":"Shading Mode"},"sceneLighting":true,"audioPlay":false,"sceneViewState":{"showFog":true,"showMaterialUpdate":false,"showSkybox":true,"showFlares":true,"showImageEffects":true,"showParticleSystems":true},"in2DMode":false,"pivot":{"x":-73.99028015136719,"y":-13.088480949401856,"z":217.26907348632813},"rotation":{"x":-0.032828278839588168,"y":0.16801975667476655,"z":-0.005607650615274906,"w":-0.9852374196052551},"size":121.7744140625,"orthographic":false}