{"cameraMode":{"drawMode":0,"name":"Shaded","section":"Shading Mode"},"sceneLighting":true,"audioPlay":false,"sceneViewState":{"showFog":true,"showMaterialUpdate":false,"showSkybox":true,"showFlares":true,"showImageEffects":true,"showParticleSystems":true},"in2DMode":false,"pivot":{"x":22.1363582611084,"y":-67.51914978027344,"z":58.100486755371097},"rotation":{"x":-0.5096989274024963,"y":-0.25039228796958926,"z":0.15798015892505647,"w":-0.807935893535614},"size":51.95399856567383,"orthographic":false}