{"cameraMode":{"drawMode":0,"name":"Shaded","section":"Shading Mode"},"sceneLighting":false,"audioPlay":false,"sceneViewState":{"showFog":true,"showMaterialUpdate":false,"showSkybox":false,"showFlares":true,"showImageEffects":true,"showParticleSystems":true},"in2DMode":false,"pivot":{"x":-2.151998519897461,"y":1.0769996643066407,"z":-54.02299499511719},"rotation":{"x":-0.02391405589878559,"y":-0.7261084914207459,"z":0.025285378098487855,"w":-0.6867238283157349},"size":16.781017303466798,"orthographic":false}