{"cameraMode":{"drawMode":0,"name":"Shaded","section":"Shading Mode"},"sceneLighting":false,"audioPlay":false,"sceneViewState":{"showFog":true,"showMaterialUpdate":false,"showSkybox":false,"showFlares":true,"showImageEffects":true,"showParticleSystems":true},"in2DMode":false,"pivot":{"x":-5.31496000289917,"y":3.21130108833313,"z":-57.82411575317383},"rotation":{"x":-0.1055707037448883,"y":0.3760889172554016,"z":-0.04318606108427048,"w":-0.9195550680160523},"size":4.718099594116211,"orthographic":false}