{"cameraMode":{"drawMode":0,"name":"Shaded","section":"Shading Mode"},"sceneLighting":true,"audioPlay":false,"sceneViewState":{"showFog":false,"showMaterialUpdate":false,"showSkybox":true,"showFlares":false,"showImageEffects":false,"showParticleSystems":false},"in2DMode":false,"pivot":{"x":-5.423703193664551,"y":0.06559845805168152,"z":-2.587682008743286},"rotation":{"x":0.11030666530132294,"y":-0.7363119125366211,"z":0.12382315844297409,"w":0.6560235023498535},"size":9.443166732788086,"orthographic":false}