{"cameraMode":{"drawMode":0,"name":"Shaded","section":"Shading Mode"},"sceneLighting":false,"audioPlay":false,"sceneViewState":{"showFog":true,"showMaterialUpdate":false,"showSkybox":false,"showFlares":true,"showImageEffects":true,"showParticleSystems":true},"in2DMode":false,"pivot":{"x":0.09084969758987427,"y":-0.21375101804733277,"z":-1.9250178337097169},"rotation":{"x":-0.12166482210159302,"y":0.7160702347755432,"z":-0.1289445459842682,"w":-0.6752070784568787},"size":4.358665466308594,"orthographic":false}