{"cameraMode":{"drawMode":0,"name":"Shaded","section":"Shading Mode"},"sceneLighting":false,"audioPlay":false,"sceneViewState":{"showFog":true,"showMaterialUpdate":false,"showSkybox":false,"showFlares":true,"showImageEffects":true,"showParticleSystems":true},"in2DMode":false,"pivot":{"x":16.87346839904785,"y":-23.496912002563478,"z":-2.3518927097320558},"rotation":{"x":-0.0503154955804348,"y":-0.7991553544998169,"z":0.06752799451351166,"w":-0.5952505469322205},"size":2.1887049674987795,"orthographic":false}