{"cameraMode":{"drawMode":0,"name":"Shaded","section":"Shading Mode"},"sceneLighting":false,"audioPlay":false,"sceneViewState":{"showFog":true,"showMaterialUpdate":false,"showSkybox":false,"showFlares":true,"showImageEffects":true,"showParticleSystems":true},"in2DMode":false,"pivot":{"x":16.487411499023439,"y":-24.73944854736328,"z":-2.2120604515075685},"rotation":{"x":0.07747822999954224,"y":0.8522663712501526,"z":-0.13160714507102967,"w":0.5004763603210449},"size":2.1887049674987795,"orthographic":false}