{"cameraMode":{"drawMode":0,"name":"Shaded","section":"Shading Mode"},"sceneLighting":false,"audioPlay":false,"sceneViewState":{"showFog":true,"showMaterialUpdate":false,"showSkybox":false,"showFlares":true,"showImageEffects":true,"showParticleSystems":true},"in2DMode":false,"pivot":{"x":8.353589057922364,"y":-0.971272885799408,"z":-55.67137908935547},"rotation":{"x":0.2667996287345886,"y":-0.04077642038464546,"z":0.01128380000591278,"w":0.9628564715385437},"size":3.214841604232788,"orthographic":false}