{"cameraMode":{"drawMode":0,"name":"Shaded","section":"Shading Mode"},"sceneLighting":true,"audioPlay":false,"sceneViewState":{"showFog":true,"showMaterialUpdate":false,"showSkybox":false,"showFlares":true,"showImageEffects":true,"showParticleSystems":true},"in2DMode":false,"pivot":{"x":-3.8548264503479006,"y":7.019540309906006,"z":-56.1036491394043},"rotation":{"x":-0.05780702829360962,"y":0.8972666263580322,"z":-0.12352639436721802,"w":-0.41989630460739138},"size":0.6227710247039795,"orthographic":false}