{"cameraMode":{"drawMode":0,"name":"Shaded","section":"Shading Mode"},"sceneLighting":false,"audioPlay":false,"sceneViewState":{"showFog":true,"showMaterialUpdate":false,"showSkybox":false,"showFlares":true,"showImageEffects":true,"showParticleSystems":true},"in2DMode":false,"pivot":{"x":23.979591369628908,"y":-0.25539618730545046,"z":-11.179447174072266},"rotation":{"x":0.039407677948474887,"y":0.4369771480560303,"z":-0.01910928636789322,"w":0.8984470367431641},"size":3.4083712100982668,"orthographic":false}