{"cameraMode":{"drawMode":0,"name":"Shaded","section":"Shading Mode"},"sceneLighting":false,"audioPlay":false,"sceneViewState":{"showFog":true,"showMaterialUpdate":false,"showSkybox":false,"showFlares":true,"showImageEffects":true,"showParticleSystems":true},"in2DMode":false,"pivot":{"x":-0.5099730491638184,"y":2.570000171661377,"z":-20.12803077697754},"rotation":{"x":-0.012027512304484845,"y":0.9718050360679627,"z":-0.05139795318245888,"w":-0.23008878529071809},"size":11.642986297607422,"orthographic":false}