{"cameraMode":{"drawMode":0,"name":"Shaded","section":"Shading Mode"},"sceneLighting":false,"audioPlay":false,"sceneViewState":{"showFog":true,"showMaterialUpdate":false,"showSkybox":false,"showFlares":true,"showImageEffects":true,"showParticleSystems":true},"in2DMode":false,"pivot":{"x":-18.47176170349121,"y":15.722489356994629,"z":143.14874267578126},"rotation":{"x":-0.041329026222229007,"y":0.1999211311340332,"z":-0.009042573161423207,"w":-0.9790693521499634},"size":14.671188354492188,"orthographic":false}