{"cameraMode":{"drawMode":0,"name":"Shaded","section":"Shading Mode"},"sceneLighting":false,"audioPlay":false,"sceneViewState":{"showFog":true,"showMaterialUpdate":false,"showSkybox":false,"showFlares":true,"showImageEffects":true,"showParticleSystems":true},"in2DMode":false,"pivot":{"x":5.1627044677734379,"y":-1.3565287590026856,"z":42.73213195800781},"rotation":{"x":0.007663735654205084,"y":0.9913769364356995,"z":-0.11380854994058609,"w":0.06553418189287186},"size":15.281929969787598,"orthographic":false}