{"cameraMode":{"drawMode":0,"name":"Shaded","section":"Shading Mode"},"sceneLighting":false,"audioPlay":false,"sceneViewState":{"showFog":true,"showMaterialUpdate":false,"showSkybox":false,"showFlares":true,"showImageEffects":true,"showParticleSystems":true},"in2DMode":false,"pivot":{"x":-0.409700870513916,"y":-1.5663470029830933,"z":14.187999725341797},"rotation":{"x":-0.10204705595970154,"y":0.23697692155838014,"z":-0.025240736082196237,"w":-0.9659032821655273},"size":6.212608337402344,"orthographic":false}