{"cameraMode":{"drawMode":0,"name":"Shaded","section":"Shading Mode"},"sceneLighting":false,"audioPlay":false,"sceneViewState":{"showFog":true,"showMaterialUpdate":false,"showSkybox":false,"showFlares":true,"showImageEffects":true,"showParticleSystems":true},"in2DMode":false,"pivot":{"x":-12.776810646057129,"y":8.931360244750977,"z":35.22085952758789},"rotation":{"x":-0.03519958630204201,"y":0.6558068990707398,"z":-0.030836395919322969,"w":-0.7536168694496155},"size":3.4682717323303224,"orthographic":false}