{"cameraMode":{"drawMode":0,"name":"Shaded","section":"Shading Mode"},"sceneLighting":true,"audioPlay":false,"sceneViewState":{"showFog":true,"showMaterialUpdate":false,"showSkybox":true,"showFlares":true,"showImageEffects":true,"showParticleSystems":true},"in2DMode":false,"pivot":{"x":127.56018829345703,"y":-112.14122772216797,"z":174.8412322998047},"rotation":{"x":0.24297229945659638,"y":-0.2614991068840027,"z":0.06908325105905533,"w":0.9318075180053711},"size":121.7744140625,"orthographic":false}