{"cameraMode":{"drawMode":0,"name":"Shaded","section":"Shading Mode"},"sceneLighting":false,"audioPlay":false,"sceneViewState":{"showFog":true,"showMaterialUpdate":false,"showSkybox":false,"showFlares":true,"showImageEffects":true,"showParticleSystems":true},"in2DMode":false,"pivot":{"x":10.365995407104493,"y":2.4347193241119386,"z":-12.425786972045899},"rotation":{"x":0.0006820617127232254,"y":0.9992629885673523,"z":0.020677419379353524,"w":-0.03268583491444588},"size":7.983279228210449,"orthographic":false}