{"cameraMode":{"drawMode":0,"name":"Shaded","section":"Shading Mode"},"sceneLighting":false,"audioPlay":false,"sceneViewState":{"showFog":true,"showMaterialUpdate":false,"showSkybox":false,"showFlares":true,"showImageEffects":true,"showParticleSystems":true},"in2DMode":false,"pivot":{"x":-3.5797715187072756,"y":28.91805076599121,"z":36.58732604980469},"rotation":{"x":-0.00046265689888969064,"y":0.999390184879303,"z":0.031186852604150773,"w":0.019518928602337838},"size":41.70030212402344,"orthographic":false}