{"cameraMode":{"drawMode":0,"name":"Shaded","section":"Shading Mode"},"sceneLighting":false,"audioPlay":false,"sceneViewState":{"showFog":true,"showMaterialUpdate":false,"showSkybox":false,"showFlares":true,"showImageEffects":true,"showParticleSystems":true},"in2DMode":false,"pivot":{"x":-2.0628914833068849,"y":-0.6927405595779419,"z":0.41197800636291506},"rotation":{"x":0.03636112064123154,"y":-0.4537004828453064,"z":0.018505284562706949,"w":0.8902561068534851},"size":2.72611927986145,"orthographic":false}