{"cameraMode":{"drawMode":0,"name":"Shaded","section":"Shading Mode"},"sceneLighting":false,"audioPlay":false,"sceneViewState":{"showFog":true,"showMaterialUpdate":false,"showSkybox":false,"showFlares":true,"showImageEffects":true,"showParticleSystems":true},"in2DMode":false,"pivot":{"x":5.293479919433594,"y":-8.424427032470704,"z":34.52203369140625},"rotation":{"x":-0.18930171430110932,"y":0.6792057752609253,"z":-0.18836574256420136,"w":-0.6837723255157471},"size":15.41433334350586,"orthographic":false}