{"cameraMode":{"drawMode":0,"name":"Shaded","section":"Shading Mode"},"sceneLighting":false,"audioPlay":false,"sceneViewState":{"showFog":true,"showMaterialUpdate":false,"showSkybox":false,"showFlares":true,"showImageEffects":true,"showParticleSystems":true},"in2DMode":false,"pivot":{"x":13.618053436279297,"y":-2.7168655395507814,"z":-3.823409080505371},"rotation":{"x":-0.029548538848757745,"y":-0.9706279635429382,"z":0.16189579665660859,"w":-0.17599956691265107},"size":4.8188395500183109,"orthographic":false}