{"cameraMode":{"drawMode":0,"name":"Shaded","section":"Shading Mode"},"sceneLighting":false,"audioPlay":false,"sceneViewState":{"showFog":true,"showMaterialUpdate":false,"showSkybox":false,"showFlares":true,"showImageEffects":true,"showParticleSystems":true},"in2DMode":false,"pivot":{"x":0.8185367584228516,"y":1.9542291164398194,"z":-2.7595646381378176},"rotation":{"x":-0.03454802185297012,"y":0.9402365684509277,"z":-0.10086032748222351,"w":-0.3236464858055115},"size":3.737574815750122,"orthographic":false}