{"cameraMode":{"drawMode":0,"name":"Shaded","section":"Shading Mode"},"sceneLighting":false,"audioPlay":false,"sceneViewState":{"showFog":true,"showMaterialUpdate":false,"showSkybox":false,"showFlares":true,"showImageEffects":true,"showParticleSystems":true},"in2DMode":false,"pivot":{"x":-19.224342346191408,"y":5.607244491577148,"z":34.46946716308594},"rotation":{"x":-0.007077127229422331,"y":0.9905570149421692,"z":-0.061375778168439868,"w":-0.1238357201218605},"size":7.604869365692139,"orthographic":false}