{"cameraMode":{"drawMode":0,"name":"Shaded","section":"Shading Mode"},"sceneLighting":false,"audioPlay":false,"sceneViewState":{"showFog":true,"showMaterialUpdate":false,"showSkybox":false,"showFlares":true,"showImageEffects":true,"showParticleSystems":true},"in2DMode":false,"pivot":{"x":-14.071728706359864,"y":1.2573977708816529,"z":-2.1315321922302248},"rotation":{"x":-0.013625750318169594,"y":0.92493736743927,"z":-0.03364779055118561,"w":-0.3785584568977356},"size":6.802095413208008,"orthographic":false}