{"cameraMode":{"drawMode":0,"name":"Shaded","section":"Shading Mode"},"sceneLighting":false,"audioPlay":false,"sceneViewState":{"showFog":true,"showMaterialUpdate":false,"showSkybox":false,"showFlares":true,"showImageEffects":true,"showParticleSystems":true},"in2DMode":false,"pivot":{"x":-2.5074901580810549,"y":-0.11767721176147461,"z":9.45172119140625},"rotation":{"x":0.0006057434366084635,"y":0.9946730136871338,"z":-0.10362620651721955,"w":0.00448581064119935},"size":10.5177640914917,"orthographic":false}