{"cameraMode":{"drawMode":0,"name":"Shaded","section":"Shading Mode"},"sceneLighting":false,"audioPlay":false,"sceneViewState":{"showFog":true,"showMaterialUpdate":false,"showSkybox":false,"showFlares":true,"showImageEffects":true,"showParticleSystems":true},"in2DMode":false,"pivot":{"x":1.0244543552398682,"y":-0.16024357080459596,"z":-2.7067017555236818},"rotation":{"x":-0.09342397004365921,"y":-0.2910035252571106,"z":0.028448443859815599,"w":-0.9518103003501892},"size":4.1916656494140629,"orthographic":false}