{"cameraMode":{"drawMode":0,"name":"Shaded","section":"Shading Mode"},"sceneLighting":false,"audioPlay":false,"sceneViewState":{"showFog":true,"showMaterialUpdate":false,"showSkybox":false,"showFlares":true,"showImageEffects":true,"showParticleSystems":true},"in2DMode":false,"pivot":{"x":6.59060001373291,"y":-5.360396862030029,"z":-83.78399658203125},"rotation":{"x":0.0006057434366084635,"y":0.9946730136871338,"z":-0.10362620651721955,"w":0.00448581064119935},"size":31.838214874267579,"orthographic":false}