{"cameraMode":{"drawMode":0,"name":"Shaded","section":"Shading Mode"},"sceneLighting":false,"audioPlay":false,"sceneViewState":{"showFog":true,"showMaterialUpdate":false,"showSkybox":false,"showFlares":true,"showImageEffects":true,"showParticleSystems":true},"in2DMode":false,"pivot":{"x":-10.760544776916504,"y":3.3492929935455324,"z":23.35370445251465},"rotation":{"x":-0.024027662351727487,"y":0.9327599406242371,"z":-0.06496471911668778,"w":-0.3541942238807678},"size":10.374286651611329,"orthographic":false}